AAAA,AAAC,AAAG,AAAT,AACA,AACC,AACG,AACT,AAGA,AAGC,AAGG,AAGT,AATA,AATC,AATG,AATT,ACAA,ACAC,ACAG,ACAT,ACCA,ACCC,ACCG,ACCT,ACGA,ACGC,ACGG,ACGT,ACTA,ACTC,ACTG,ACTT,AGAA,AGAC,AGAG,AGAT,AGCA,AGCC,AGCG,AGCT,AGGA,AGGC,AGGG,AGGT,AGTA,AGTC,AGTG,AGTT,ATAA,ATAC,ATAG,ATAT,ATCA,ATCC,ATCG,ATCT,ATGA,ATGC,ATGG,ATGT,ATTA,ATTC,ATTG,ATTT,CAAA,CAAC,CAAG,CAAT,CACA,CACC,CACG,CACT,CAGA,CAGC,CAGG,CAGT,CATA,CATC,CATG,CATT,CCAA,CCAC,CCAG,CCAT,CCCA,CCCC,CCCG,CCCT,CCGA,CCGC,CCGG,CCGT,CCTA,CCTC,CCTG,CCTT,CGAA,CGAC,CGAG,CGAT,CGCA,CGCC,CGCG,CGCT,CGGA,CGGC,CGGG,CGGT,CGTA,CGTC,CGTG,CGTT,CTAA,CTAC,CTAG,CTAT,CTCA,CTCC,CTCG,CTCT,CTGA,CTGC,CTGG,CTGT,CTTA,CTTC,CTTG,CTTT,GAAA,GAAC,GAAG,GAAT,GACA,GACC,GACG,GACT,GAGA,GAGC,GAGG,GAGT,GATA,GATC,GATG,GATT,GCAA,GCAC,GCAG,GCAT,GCCA,GCCC,GCCG,GCCT,GCGA,GCGC,GCGG,GCGT,GCTA,GCTC,GCTG,GCTT,GGAA,GGAC,GGAG,GGAT,GGCA,GGCC,GGCG,GGCT,GGGA,GGGC,GGGG,GGGT,GGTA,GGTC,GGTG,GGTT,GTAA,GTAC,GTAG,GTAT,GTCA,GTCC,GTCG,GTCT,GTGA,GTGC,GTGG,GTGT,GTTA,GTTC,GTTG,GTTT,TAAA,TAAC,TAAG,TAAT,TACA,TACC,TACG,TACT,TAGA,TAGC,TAGG,TAGT,TATA,TATC,TATG,TATT,TCAA,TCAC,TCAG,TCAT,TCCA,TCCC,TCCG,TCCT,TCGA,TCGC,TCGG,TCGT,TCTA,TCTC,TCTG,TCTT,TGAA,TGAC,TGAG,TGAT,TGCA,TGCC,TGCG,TGCT,TGGA,TGGC,TGGG,TGGT,TGTA,TGTC,TGTG,TGTT,TTAA,TTAC,TTAG,TTAT,TTCA,TTCC,TTCG,TTCT,TTGA,TTGC,TTGG,TTGT,TTTA,TTTC,TTTG,TTTT
2344702,1094181,1430159,1645531,1247212,639797,114929,930432,1440512,759337,993357,932168,1250986,711134,1082255,1214176,1146604,1097231,1113155,1080946,842935,569931,87180,728755,100873,86942,101037,125829,643122,700768,872446,930919,1633249,783889,1341144,994752,1012299,695192,96861,916906,1170422,698211,818256,730360,718881,642071,850702,926509,1176081,674768,767270,1314675,877564,668428,81571,996264,988048,693296,887806,1077358,965709,849893,793519,1641302,1330355,630058,878006,797935,1426038,640640,146510,853940,1247043,825026,968989,867805,874934,759526,935786,1080051,854326,735659,990969,889161,909733,629750,117242,819055,97406,82372,107315,100205,597953,857363,968075,987014,103863,65165,116459,81432,92234,93759,27810,96358,97085,85151,118046,87687,73286,79980,146593,112968,748124,525071,606853,769228,1007491,888584,115847,1340705,1026716,780676,992942,1110205,756532,1053978,875118,1423401,1416951,635751,1059011,851891,816643,447725,79784,642234,1200857,594216,859766,698088,671026,480153,755538,708922,683581,496692,780927,690726,695146,460671,85855,695083,69179,72327,82410,87287,542046,595558,825322,756910,1058366,488642,891511,664410,681921,467387,93605,695553,816542,460711,632625,566862,500152,447732,639472,638946,631533,410299,523789,671117,649265,488828,64945,782025,733964,494747,733081,1089469,571168,635429,625963,1087617,1422565,572380,758198,963194,948043,500639,73458,720649,864622,542679,595137,640102,1135848,673014,872929,1247274,951843,737546,1023811,989464,1022301,815428,97021,1167512,99461,68520,97207,99506,866155,1198938,1244696,1434186,1168126,648690,1003813,875045,865472,680417,92927,1011019,1018880,694393,907813,841393,944419,815280,1414494,1241755,1160599,632651,744628,1174045,1168344,1056422,102331,1624981,946946,681116,848650,1138916,1418514,1412778,1321028,2329483
2094265,990099,1295338,1449396,1120189,597938,109501,843597,1295406,715324,925636,847742,1085260,637533,969250,1058255,1027457,1016187,1059434,973264,790498,552178,89349,688409,97149,89791,103013,124069,571364,658758,825670,848953,1468421,738144,1258016,898062,957692,701377,102482,870573,1091432,703049,798325,691245,646118,603263,810201,846445,1029378,593908,678879,1118839,780237,613980,78414,900589,889181,637430,822968,978075,843271,757214,702831,1446583,1201477,575670,821378,699957,1329667,628572,151028,811695,1180121,823038,966359,825933,774944,707069,872722,968833,789836,718016,986662,822175,889541,628101,126148,798079,99685,91604,113480,104041,549831,840263,966264,926039,99934,65251,119745,79246,95732,103490,31270,102907,100371,92697,125594,89162,71679,82175,152700,109721,669542,488842,565770,679151,958459,859573,120737,1264802,972503,780032,987810,1062354,686069,979815,824959,1298823,1269949,591781,981298,755805,771351,436730,82174,602435,1110347,589554,839579,659092,586323,441453,708994,639235,629086,491030,779220,638960,688134,474838,92841,704718,70752,80714,91169,90220,502952,588541,825676,718092,975940,474843,858886,615345,670882,484726,102785,701652,785606,473699,629265,556945,457759,439697,633648,599444,571279,376331,489878,597563,613664,477906,65845,743505,696997,492584,719173,1030066,516195,590560,579466,994372,1263407,513675,686094,845140,855135,457194,71319,647018,776769,504208,552477,573260,974477,587165,776688,1083576,852103,695729,970134,889169,948516,786752,100472,1091191,96590,71290,100162,97945,779158,1116009,1185089,1296582,1054538,614452,961925,783352,813990,670938,96318,960129,947605,690600,892331,793197,859495,775785,1342271,1124983,1038117,571585,672187,1026353,1054775,975472,100991,1467942,855586,631329,793782,1032039,1262707,1271591,1205480,2102090
1980492,908518,1181982,1413645,1034773,514332,95498,768705,1184706,607731,793504,774860,1072167,594690,908198,1053883,949244,857005,888895,885203,674720,445114,70017,579116,83592,69733,80600,104480,533829,565538,702202,773988,1349492,627263,1058601,818825,811441,533578,77436,729586,934440,538630,636869,581143,600894,517277,691395,773382,1001823,554846,638550,1125923,732104,540815,68493,822817,821847,557939,719879,889643,827666,712604,677026,1421611,1103269,512867,700468,670571,1111817,499899,117766,687510,997417,641498,748156,704879,721210,612023,743568,911268,688349,576589,767776,717760,707131,487535,91985,637112,77306,63842,84106,81055,478710,668643,748119,794269,86273,52882,92236,68478,73791,73168,22124,77052,78102,66165,92188,70397,61309,64517,117444,95959,623529,424016,482410,638060,804545,696657,92477,1060859,823672,611252,767354,893028,626721,852904,701695,1186893,1190409,514651,853053,714608,656455,350707,64036,517319,955870,463877,667714,566592,564017,391730,612641,594856,557379,389336,611440,560191,539889,351078,66134,539817,55933,56374,64275,70292,439265,463715,642929,610203,858819,384230,698133,541695,531092,357937,73535,536439,640478,352052,487225,447129,405324,351010,502290,518571,528704,335792,425972,561059,521732,384899,52993,627980,598662,391346,579120,867278,480241,515536,517277,918422,1210467,477272,625298,830114,777302,404029,61105,602023,716188,438935,481708,536617,963748,565786,724901,1078900,792203,594062,823839,824915,828734,640036,78173,933696,83038,56186,77871,83402,716211,956642,1002056,1189753,978137,524142,805083,734246,702022,532235,73779,813035,829857,542156,710602,678526,784000,654800,1125277,1043565,989095,529805,626516,1008292,976638,858268,86534,1353006,797427,560534,694788,957693,1219080,1193402,1114444,1998794
1778935,838703,1099733,1221826,949508,512630,93127,716014,1108823,602445,791753,716219,918617,544111,817743,902174,876646,859844,903417,816765,678639,482174,78631,596132,82379,78670,90389,104832,485355,565682,697045,715552,1252889,636995,1089367,772971,810748,606165,89341,743081,942240,608387,694069,596932,548268,514584,690230,720977,870397,505169,580089,958268,665478,536650,67887,773505,751591,538196,708268,818074,714202,649185,604497,1227273,1019256,494421,699538,599832,1122586,546575,130042,686607,1020072,709190,841269,699897,657597,605823,734028,819335,676419,619743,862716,706196,774116,554383,116064,697636,87827,82984,105310,91264,476090,733180,844057,797050,86242,57143,106173,67330,83380,93506,29342,89540,89155,84349,116197,77847,60888,72132,132315,93350,568353,417251,485224,580747,825460,748230,106685,1088188,836299,668450,860686,906693,579072,843575,703786,1105080,1078996,505759,841609,648211,659826,382509,72157,514921,960033,509264,732379,568382,507026,386332,607643,547216,533247,416878,667478,539763,590855,418107,83777,611092,62163,72551,83069,78974,427642,509277,709424,604294,838210,416063,748547,538435,576473,425444,93990,604554,683881,416741,553704,484074,394499,381494,548579,515204,481158,322782,419918,507948,518073,416189,57680,637933,591668,419293,622907,868676,434831,508629,496810,843941,1062010,432396,578360,712776,724752,393862,60944,546092,663294,428436,476227,489561,830683,507254,656715,926432,726735,589345,836817,754059,821464,687535,88913,945517,84519,61563,88780,83615,662488,960424,1021602,1114617,897234,519212,825971,669481,686765,578716,84084,813462,825979,590984,774430,680923,728151,661665,1131420,954680,865634,480448,572287,874121,897945,842360,86225,1259505,732340,537088,680456,882473,1064385,1084646,1027263,1798226
1697571,808687,1044092,1163324,913759,498098,94455,689931,1053297,584109,763592,688069,874841,520580,786062,854743,840020,887429,887991,810159,658594,476251,79628,576807,83880,81626,93191,107649,461238,548480,684329,688165,1188027,616233,1055129,739225,791185,597067,90523,718277,908033,592244,679761,577308,522058,497927,673814,691415,833672,492882,551918,925290,641788,518784,68165,738184,727670,531750,685793,812723,685509,616498,574771,1166880,971341,477540,679913,571678,1152569,542584,137276,673601,980366,700277,822202,686003,640535,595849,735891,786648,649274,615497,835689,687735,759400,558276,115145,681240,88338,82952,103690,92776,454065,719462,820961,762416,85452,58505,106928,68367,86710,94272,29689,90330,89490,83986,115439,79025,61474,72842,136961,93820,542677,403347,463165,553469,803987,732882,107100,1055950,808053,656170,834918,888784,557421,809379,680464,1042301,1023628,489993,808541,615838,646334,372635,72904,497587,929940,500346,718798,549424,481527,368573,594626,521493,516229,420662,656302,532759,580490,408444,83785,590907,62871,73683,82948,81052,413733,500154,699185,585127,804081,403113,732273,516922,562967,409690,94358,596559,670329,407386,557350,474883,377286,370815,545537,499011,466154,311299,404320,495391,509727,401358,57932,618880,584313,420319,616391,889436,419562,491041,481374,809810,1021134,420023,556521,685386,712937,377963,61711,521093,635011,412320,452754,461718,806859,481919,641357,880774,694949,582442,808866,728270,789711,671090,89198,907950,84163,62740,88111,83620,633622,931823,983450,1053857,860440,511609,804178,641704,685090,562597,85984,793033,788537,579958,757398,661433,716346,646313,1154147,917542,840561,466176,542400,836759,859025,804925,85437,1189738,697895,518465,650224,843405,1023404,1022207,973380,1696413
1759079,826063,1080893,1233737,939976,485405,88869,703341,1086117,576398,757117,707950,931845,537414,817562,908694,862818,836432,850932,815981,640884,438751,69058,557850,78679,69021,79783,98860,482447,537145,670109,707705,1230981,597410,1026893,753732,773486,538441,76338,696843,894972,545409,634228,559608,542579,491676,657065,703981,877540,505331,576801,978425,662841,510987,63857,753889,750741,528026,677179,813827,719790,642323,598907,1236903,1003880,476382,667938,598877,1087821,497000,116780,660226,953239,640729,752687,667643,657644,582998,713878,817949,647711,570200,767811,681417,704655,486540,93246,634615,76358,65889,84304,79005,454867,665405,754111,758657,80463,51279,90853,63911,73388,75604,22663,77413,76383,67752,93370,68578,56752,62748,116470,88729,563662,400484,461006,576452,772798,684973,92369,1031698,788424,611274,766208,855969,571576,810370,667974,1082152,1072986,484336,806234,642802,624710,344661,63176,489235,917752,458631,667063,535728,506144,364830,581791,537986,520525,386886,609317,525213,539343,362212,67123,544679,54365,58854,65370,68527,412735,459034,640000,577562,806726,377035,686155,508358,526635,370973,74728,539875,629768,360722,490109,438892,378708,346000,495973,486593,477636,312649,400247,502730,497778,380205,50969,597941,567117,385839,565866,835259,432371,483936,477923,827993,1063827,430810,572517,720099,713656,379477,57518,544604,651908,409350,457350,483980,842464,506332,656542,933294,716023,568309,786238,749858,782257,631553,76129,895896,77104,55304,76626,78307,651555,920254,957655,1088148,888188,496058,775273,664749,668432,528339,73387,775200,777151,538328,701784,640196,715223,626469,1084573,942920,868415,476791,564535,881025,887011,809670,80146,1234084,717986,520219,648206,864130,1067029,1074282,1005737,1766908
1550202,746359,994008,1052347,855119,479520,82717,644314,1009597,556382,751020,647087,788476,497379,737806,781631,792062,800388,845717,745330,646654,469564,72321,570339,75822,71389,82025,94038,432663,533148,657985,645878,1139966,596606,1021554,710790,756606,584747,80711,694118,894438,587062,674981,571337,488463,486935,654147,651553,749539,453150,526551,830261,615186,519241,62070,718742,686515,500682,677892,752166,609170,591966,555293,1061642,920612,463234,663651,549489,1053669,535193,120048,653013,958618,679742,818257,659286,595589,580981,703896,742407,644712,605532,838082,682778,758833,544536,107310,681892,82071,76721,96246,83116,452244,713651,825874,756626,79957,53316,97246,62668,76707,86949,26007,81067,81206,76197,106250,71691,54543,65659,120374,84042,506626,390484,456836,527754,786412,728591,98132,1030295,790402,645078,839813,859392,522242,798627,668131,1001563,965238,469318,786913,592838,620540,371329,66147,483896,897826,484416,707516,536844,459948,370051,579045,499719,496535,396173,642025,504203,570725,409815,76758,588585,56415,65789,75478,71512,393572,487032,680542,560469,783873,404131,720295,517090,555489,417076,85877,585104,661511,407558,540322,472597,372838,373210,535346,484513,426862,300601,392586,458278,490273,407048,53223,604957,559434,399916,604098,812075,388413,478341,469296,757279,906864,382759,519514,610618,654169,372836,54362,488451,602875,395642,451025,437881,715488,466828,596508,794314,663677,559830,790079,690562,794892,668656,81765,907579,78879,56831,81595,75952,603221,909599,970284,1027590,810511,487859,787507,618214,650134,557111,76599,761326,788234,572729,760435,650282,662483,629697,1065656,873221,736728,425583,511450,756845,812277,798012,79832,1156700,667740,499494,649877,807424,910782,977887,931815,1566868
1437351,688789,899157,995248,783415,423878,80821,583838,908372,502546,654009,585858,752375,445605,675747,726253,717178,752456,747638,694687,560160,400052,66869,489142,72243,67078,78132,91492,392854,464028,575235,585819,1024581,523639,898920,634308,674913,497994,76183,610203,777120,491921,569898,487435,443041,424521,569127,583081,714056,422993,477539,794467,551189,438616,58704,633509,625432,455647,586485,692186,583719,529396,491823,994909,834256,410000,579387,491554,976217,455934,113290,567340,832613,584839,684797,577560,549421,507870,628006,678606,558825,515447,697237,587784,637960,456802,95533,571686,74753,68013,85122,79559,387285,601121,688612,651690,72710,49461,89629,58169,72353,76156,24255,75695,74786,68976,94639,67166,52915,61660,114545,81518,464344,341620,392226,476480,675464,619091,88525,895417,683373,551475,692866,749817,474908,695013,576739,894921,883237,415418,696690,527570,549529,313236,62429,423587,795357,418413,601566,463300,418318,311512,507724,445572,443034,351499,553273,455941,488595,340784,69987,490873,52926,60324,68223,67585,350190,418983,582477,500654,690824,341174,615521,438668,474353,341053,76659,493452,562641,338576,456980,397303,321954,312136,453479,421309,394393,262487,343421,421023,435069,341050,49128,523084,492700,352004,514771,752339,356139,416266,407869,687342,865701,357745,475551,585608,602798,323175,52405,443171,545106,353495,386002,393052,688941,417031,548273,749416,596160,493379,681661,625491,672578,564343,75058,777007,70047,53044,74090,72002,544341,794365,831207,903418,734800,434507,674566,551980,582128,475036,71961,672954,671640,486044,633983,556974,603414,550014,974663,781709,711812,394449,464469,711691,734969,690229,72826,1021321,594348,442953,554519,715458,867655,878670,830847,1433257
1370732,664629,866029,928350,748425,413737,75874,570553,873366,494087,638722,565802,689113,425135,635624,678055,685327,727217,734592,652807,544189,386544,63123,477218,67620,63890,74445,86949,379032,455762,569143,565633,985432,514400,883642,606195,661620,496487,72286,602400,758653,495128,560137,478588,425286,416315,555286,569093,661451,395016,447078,705229,519017,420687,54844,606275,588796,435018,559788,651880,542227,499744,457802,930946,799957,395470,566580,459316,945721,440228,108924,557425,817475,580080,682090,567971,512461,487870,602462,636512,539778,500141,693678,561826,621315,441047,89452,558620,70720,63988,80058,73867,376486,592283,679696,637766,68827,45677,85454,54724,67954,72230,22466,72420,71703,65816,89077,63095,49516,59034,107597,75513,447174,334372,390167,447340,666983,604188,86223,885171,671575,548555,693049,731876,460557,674842,566875,865960,838820,404616,677206,500772,530800,306355,58458,415575,779450,415390,593228,453846,385726,302194,485557,425975,427935,346541,547699,434663,482525,333526,65086,494902,49613,57338,64190,63187,343510,415044,578787,494036,669044,330231,607957,420104,469084,337056,71917,495135,550363,333445,440088,386546,311017,305405,441285,412230,378797,253039,334477,394331,422029,330306,45713,511886,475948,346843,499104,717379,344948,403561,391772,662358,820231,343874,462162,539489,574997,310754,49648,426017,519378,343236,378466,378361,621474,385624,511839,690177,568283,478399,671647,590009,647394,549317,70972,755491,66729,49854,70998,67657,520025,779476,817429,870799,698111,420880,664861,518428,558180,470266,67659,661422,646617,478803,621141,541708,574825,529180,935106,745803,678334,378989,447719,662214,700309,667993,68458,984397,565961,427111,536328,683779,819524,843010,796730,1379108
1540815,720604,930359,1071842,813970,426935,84246,609401,937606,499950,651775,608776,815486,464363,705763,790726,743752,737606,737805,714185,556375,381843,65150,478988,73419,65943,75636,94322,414994,460273,575987,609388,1058644,519310,887699,652478,664883,469313,73029,599529,769686,469045,549801,479992,467781,424914,558874,611778,770908,446304,499753,867066,569283,436284,60144,653359,647410,454125,583178,716050,636727,552400,517910,1082895,863899,415095,572919,515930,948348,428998,110172,559878,821970,552269,646760,575239,576545,501335,616044,708921,557119,492930,659512,583592,604857,437140,88965,545825,71893,63579,80008,76238,388238,573942,646423,651084,74626,48105,85362,60189,69887,71788,22231,73521,72935,63792,88986,65594,54506,60640,110506,84698,488251,346705,391600,501254,662314,592077,85193,886671,672745,523133,660436,740220,499180,693969,576682,934075,922101,420009,695561,552532,540984,300670,60257,423151,794099,397226,579458,463682,437295,314718,503271,469066,447616,331794,524431,457332,467099,312643,64314,468166,51254,55988,63835,66030,357341,397167,552793,501905,694132,325847,597926,438559,456620,316348,72150,470048,547647,314913,438822,384535,326675,302023,431193,429611,418977,266782,346886,445732,431260,326840,48748,523762,486440,332321,494161,738995,379842,420948,420077,727229,936805,378844,499268,636034,630046,325753,54645,468212,564456,357309,390531,415650,754705,438654,575685,821219,619356,485066,674490,647736,664822,545161,73289,766708,71716,51917,71828,73760,567237,794873,821331,941529,762800,431800,663478,573124,569783,454773,69697,666108,666196,467416,608308,559381,629415,543033,951344,822009,772815,418865,489708,776211,763791,694779,75136,1061178,624607,450782,563526,750536,941850,927567,874782,1556114
1311369,637628,825317,851723,709374,413412,75284,543382,832627,485510,634972,536317,627253,400972,590189,610940,652635,710418,734186,614450,543517,404620,68056,480617,68167,69166,79649,87885,354731,451730,561001,535698,933388,512227,890111,577719,657422,528768,80499,603008,752880,529198,586545,480257,398495,407002,550460,542155,604953,368050,417155,634647,480993,410090,54543,578024,549566,420521,544221,613929,491038,464236,419428,846678,761210,383911,562663,421457,924911,465258,116578,552471,819257,614084,721512,558907,475869,473798,586608,586090,527617,520857,739156,541119,648962,482532,104411,585144,77843,76667,93742,79207,368594,622287,721677,632396,70244,48566,94223,54544,73614,85895,27073,80005,78699,76360,103409,68744,49709,63287,115110,75130,417695,330575,385001,419261,669132,626583,93657,886019,668600,571540,738722,729667,437469,663514,560304,820013,790538,398766,664455,464567,527993,317126,62799,409294,770243,433656,621553,451061,353886,295455,474522,399351,414003,357650,573436,418971,502302,366163,76108,528392,52994,67463,76714,68661,338397,434134,611172,483439,657156,343011,625204,410586,490664,369436,85515,528338,569407,366077,479708,403576,305165,318093,463497,409560,359555,245021,330728,366384,412530,340973,48555,510256,469039,356371,519480,707289,320987,397012,380255,629345,762920,321147,436991,491607,549411,301014,50206,398013,491318,336447,370842,351827,567797,353425,476918,624999,534986,470293,666982,547825,633968,567734,78884,750801,68573,53291,77107,67483,490810,767240,814679,829767,657538,413408,666975,480365,542360,488866,72745,655791,634971,502318,649106,543738,548319,523932,923112,700754,630462,354998,417551,602847,657431,653741,69699,928197,531081,411330,527710,645232,756364,784306,755366,1302251
1368589,642905,845148,959756,728317,388179,70791,553348,845885,461354,601712,558039,724493,420186,643898,709172,668392,658367,681465,642622,510989,357023,56201,449975,62955,55827,64635,79728,376951,428515,536692,559763,959431,480004,817948,596168,620712,442976,62965,566356,712542,443992,515233,450932,428633,396069,529418,562085,685542,394754,457386,764063,518387,404748,51286,596251,592430,420020,541807,651698,566855,504948,476219,972963,779459,373244,530742,466722,857736,401635,94370,524488,763944,522956,616530,541256,516738,464251,572994,650174,511913,457762,627912,542390,569758,400571,78216,519954,62515,54993,70623,66013,362534,544195,622705,611373,64138,41344,75828,51155,59237,62792,18978,63422,62327,56317,78301,56467,45976,52255,96222,71596,442172,318203,370225,456423,622812,558255,76076,829755,632593,500312,630719,696978,454603,644693,539729,863231,833070,385594,639733,503042,499701,283651,52036,394817,724305,378702,538731,432490,398160,289307,467159,425715,410587,310170,499302,421960,436687,298426,56745,449462,44290,48753,55306,56882,329104,378001,527250,469180,637493,309083,554096,406716,426376,303735,63070,445263,509398,297091,400991,360795,303565,284108,405482,396375,378852,248801,323595,400557,401050,311099,42158,487228,456517,317114,463388,671199,342746,391068,386180,661862,835280,338892,451367,568229,565092,300723,45948,429268,519417,329997,365726,384420,662354,396928,521904,735924,559275,451930,636007,597185,622543,512479,62982,721416,62705,44856,62848,63426,518434,736187,773955,861940,700377,399774,626356,526301,535694,431817,60218,628494,623121,441044,573750,521336,573631,509103,877096,751801,687202,379273,448354,696067,702148,645318,64315,977282,571268,418777,523337,691756,846692,848354,803010,1404187
1407190,669256,871601,969564,760028,398633,75777,562554,873860,472449,614404,565495,726441,430586,653076,710435,695490,676530,694427,654706,523071,353493,58264,450545,66648,57979,68111,85149,382657,429801,540281,564787,987621,485327,821009,599533,628781,436459,64925,563673,720047,438763,508972,448865,431286,396817,526640,560804,688326,403674,453644,750220,530895,405874,53832,599198,598656,422559,544493,653047,561317,510184,474241,962578,806470,389971,542551,478457,881037,402644,99143,527176,767830,519004,606435,539075,519405,467938,579850,649164,524730,460432,615380,542729,561536,392833,77427,505678,64393,55013,69935,67634,363081,531662,602876,610638,67562,43012,77477,53781,61679,62189,19316,65028,65134,56147,78099,58109,48694,54047,98979,75326,450638,322152,365813,455835,621682,551211,77039,816570,634737,491290,611931,687590,458565,650559,539625,862187,859536,391025,653311,509557,508118,280637,54292,397357,734221,373489,534107,429950,397768,292558,468046,427135,422144,313774,491893,421996,435348,288165,56310,435078,46280,48818,55281,57990,328973,372775,517701,469641,650651,306844,553322,404862,424715,293561,62515,436072,506494,288510,396160,352961,302040,279590,400751,397440,383136,247572,320439,401362,404407,304104,43050,483620,456466,311416,459904,669685,345885,390140,385348,662724,844415,346740,458745,562960,571970,303459,48675,430439,517579,328896,361701,381027,652249,398717,517783,721586,575085,459264,630644,596926,623316,502983,64974,716956,64511,46402,64162,66273,519727,732264,764690,865870,707595,405221,619959,527331,534632,422692,61613,624317,624004,433443,560894,519886,570489,504727,871101,750528,690760,381145,449307,682918,704935,647040,67427,983163,570247,417989,521899,686523,838363,851682,797444,1387212
1467048,688492,894004,1042547,783747,401942,73380,580810,897142,475441,624196,586090,790035,448863,687298,769731,719914,679565,702049,678471,530332,357111,55130,460811,64234,55320,63762,81059,403838,440336,549884,587929,1020805,491026,838569,624195,636822,436262,60904,574987,740776,441931,515916,461717,454568,402834,540732,584838,740317,421934,481079,833726,553262,423956,52409,625667,631258,435629,561094,681383,608800,539376,507426,1042579,837774,395334,551222,504854,883543,401677,92770,541103,784754,519759,618100,551266,549161,480826,589036,686311,539265,460932,624306,562858,573748,397654,74034,516571,61254,51952,67775,63806,376313,541801,616881,625989,65368,41592,72585,52106,59070,58877,17520,61305,61667,53777,73994,55864,47246,50542,93081,73737,468564,333423,378599,481655,634542,561354,73273,841807,647711,496011,626483,707188,475684,665907,553451,899841,893680,399157,665202,537683,516312,284724,51236,405201,750252,374437,540825,440173,421917,302291,482391,450544,432053,313213,497268,436734,436159,291483,54219,441815,43573,45764,52021,55559,338733,375574,519548,477744,667306,311375,559865,424402,430967,298759,59252,437904,513990,292066,394875,357006,313511,285597,403089,404599,397772,259244,331686,423935,411408,312714,41054,493436,466101,313844,461770,684679,360624,402012,399151,695185,893589,356896,472441,610843,596397,315041,46989,454873,542447,339338,377219,405443,715943,423314,550639,791595,597952,465383,650256,627271,647122,515759,61404,741787,62590,43736,61744,64182,543357,753265,791080,903221,742243,413480,634668,556440,552409,429778,59241,637403,646515,439108,573152,532210,597312,519639,889492,793798,727116,398699,473083,742175,741650,668048,65516,1030013,601761,433347,541638,726991,895965,897932,843709,1476099
1173999,554256,722050,823740,632136,335954,63352,475220,731051,397952,523413,477547,627141,361101,552176,607218,579290,571277,594050,553643,444457,313789,51750,389188,56700,51114,59848,71576,325860,370226,464168,477606,829843,415694,710613,510559,534701,388706,58332,486185,619149,388446,454365,388558,368248,339119,452845,475697,591689,340492,389575,665984,448637,351437,45990,514451,511433,360003,469300,554441,488695,433018,405237,829906,671749,327239,462359,403918,744514,355880,87120,454042,662368,457893,540069,461933,443337,404698,492433,554993,446452,405783,547941,469770,501085,363185,73269,454190,56965,52726,65853,59876,312592,476662,538276,523795,57266,38031,68306,45678,55073,58993,18129,58263,57906,52971,72187,52023,41615,47492,86045,64116,378023,277875,316881,392985,536685,489265,68487,713838,544208,436746,547934,595175,388381,558661,463002,728121,716006,332543,558390,433262,436097,246772,47546,340867,630263,329402,473939,370634,340963,250235,404743,362161,355146,271617,435580,360788,383884,266373,52649,388454,40602,46161,52203,51081,282385,329682,457785,399736,553412,270194,487039,351077,375880,269329,58703,387592,447286,266224,361436,312908,259953,247967,353651,337065,323527,213303,276656,342875,346614,271068,37809,416049,393241,271263,401935,571248,293089,333058,329624,556903,712291,292624,387164,486716,485513,260578,41220,367731,443027,282677,313097,325795,576299,344481,445825,632484,484377,392879,544692,511260,540519,448382,57752,619493,55014,40457,57183,56735,444927,631705,663834,737028,599680,347363,538280,450788,457477,374332,54883,537548,537381,383863,499866,445147,486545,436962,745146,635796,585556,323372,381485,597245,601272,554376,57103,833156,487229,356228,447088,583585,717493,721170,676267,1183058
1166808,539374,699930,830391,613552,312886,58682,458394,702550,371511,482932,461001,634950,351223,540324,612109,561233,537448,546609,540401,409380,276187,44208,357733,51829,44929,50930,65877,316183,343864,429527,461729,798682,383759,656769,488346,498208,339630,49389,446443,568648,341878,398019,356519,357449,314795,422371,458761,596185,335032,379902,672862,432677,323988,42465,488687,495210,343139,435612,541634,492310,421503,396289,831250,651648,306541,426153,393659,697132,313156,75158,420673,607940,403987,470692,431182,436702,373331,464233,540519,413195,358715,479219,434947,440218,305310,58811,399286,49030,40976,53494,51628,291984,420132,473496,485883,52994,33078,58743,41900,47733,47141,14075,49063,49225,42836,58597,44228,38515,40994,75356,59313,368182,259479,294060,380019,494331,432989,58712,656348,501935,385843,480138,548594,375569,516796,429604,702849,701631,312027,515854,422157,401888,217418,41308,315613,588173,292035,420433,343239,333607,231742,371864,351577,335531,245353,386286,344098,340414,224104,42907,343641,35282,36798,41470,44905,265519,291614,404457,372405,517726,238605,433286,324149,334409,228822,47389,339560,397988,223942,305545,274908,242882,217297,313721,313596,316772,200507,260819,336442,320687,239421,32927,384351,364746,246963,359851,544141,286502,310633,308911,541886,716416,285572,376057,492399,473119,244048,38417,356623,428893,266137,291007,317954,578722,331521,439174,637147,468042,364603,501687,495339,496064,398024,49202,570835,50574,35309,48992,51768,428054,586770,609030,704801,582267,320785,495082,434394,430918,335473,47602,498929,497905,341524,440222,411841,475694,404300,704253,616262,589305,317189,369210,597241,581976,517727,52539,799269,470637,336977,415891,566140,718565,702579,654841,1175021
1050671,500991,647192,714454,566836,311281,58893,424628,655337,362087,476053,421536,537183,322179,481133,525176,522438,540824,553757,494905,410046,298289,50311,359115,52243,50751,58460,67137,284380,340516,424436,422777,742290,384465,655569,457309,490710,370211,57552,445957,569563,371174,426304,357900,320549,310234,417323,424714,508027,304272,340817,562667,395512,321244,42240,458243,444438,324578,425795,495752,415370,382420,355601,715708,604303,298375,422137,354581,704548,337498,85052,416803,614108,436744,517666,424710,393249,365760,450362,483160,406693,383879,522863,425301,474367,346648,73698,427301,56141,53469,65950,59158,283268,451183,518097,478549,53482,36577,67696,42300,54295,59685,19012,57671,56698,53686,73343,50779,38338,47119,85565,59509,334571,251312,286800,342759,497421,460676,67612,658298,502031,414641,524491,556726,344355,506977,422069,650043,636283,304556,503680,381463,402043,233898,46251,309821,577033,311572,447983,341440,298516,229360,366290,321701,319638,258392,413083,325464,361175,257725,53570,371751,39141,47116,53714,51586,254295,313165,437749,362479,501994,254304,458411,320577,352272,262506,60185,370250,416443,257656,344101,298522,235743,234286,338896,311508,285153,191820,251826,304642,318226,256154,36901,387108,360198,260041,383581,541810,258191,305775,299321,501474,622051,257716,342004,415173,438497,235084,38395,320857,393155,254027,283239,285134,486835,299940,392778,539062,430627,360806,503525,446861,493148,419352,57139,572930,52530,39327,56382,52650,393499,579143,617607,659639,528216,316667,496352,395681,419300,351819,54808,493810,492582,362697,472975,413232,438811,406750,703845,569030,509193,285429,336112,508547,530660,504495,54136,746239,430249,320477,407619,524148,621365,640358,605502,1050789
1054750,498589,647232,736036,566716,293759,55393,421244,652932,349530,453590,424387,554689,320857,490369,539781,518072,503251,514686,487853,384634,261359,42738,331551,48747,42522,49599,61577,288429,320095,402124,423536,741068,360600,614606,449148,465327,323405,48085,419782,536060,323346,376296,331587,323740,296255,395216,423414,524032,302084,343456,574427,395827,299681,39590,447378,447711,317179,405339,488218,429403,380481,357677,735793,601039,287866,400807,356302,651195,295255,71786,393432,572061,383399,447082,403211,390355,346894,429001,489176,386765,336858,456501,403704,415992,292895,56844,375032,46940,40055,51202,50125,270398,393802,445772,452341,49273,31478,56628,39658,45158,45568,13952,47982,47880,41641,56729,42528,35903,39863,72851,55511,338663,240662,274594,342915,461365,407728,56398,611256,467749,366089,455342,513834,344036,484499,401049,646352,642360,290783,488095,382915,377907,206162,39267,295090,548150,276634,396084,321777,301015,216018,348050,320743,312869,231153,365714,315121,321908,214321,41598,323324,34085,36344,40529,43182,247811,276624,385013,351187,484299,225785,411578,301583,315769,216095,46158,323832,374710,214125,292483,261296,225161,205716,297568,294012,286377,184179,241103,302064,301154,224164,31761,360647,340989,233621,340563,508627,260521,289813,290359,497944,638458,259874,344305,430443,428044,225106,35999,324418,392279,247036,270533,289250,497940,298707,391027,553654,428308,340406,468852,448748,461294,372188,47142,532406,47265,33739,47448,49244,390196,546226,570105,648872,529512,300563,459833,395437,398603,316083,45945,469039,464595,322742,417106,387046,428919,375892,658165,565700,524008,286642,339946,521922,527968,481457,49947,736118,428896,312781,390245,517997,638558,640697,600834,1051099
676912,324143,423642,451344,361640,201967,40191,275326,424913,238649,308287,274226,336246,206322,306532,325611,332995,341131,349919,311588,262074,187884,33284,228245,34912,33346,38632,45111,182856,218619,272474,272515,477349,246626,422539,289812,316780,238406,38126,286558,361120,237134,270385,226869,205509,199487,264970,273328,321959,190742,215141,338868,249344,200845,28249,288829,281308,206682,265633,307573,260225,239387,219279,445787,389542,192491,273293,221655,442409,212889,55135,267380,391149,277369,323221,271270,244514,232902,282068,304378,261479,241707,330579,266452,298775,218232,46504,269279,36452,34518,42074,38277,180635,285673,322222,306460,35289,23463,44226,28205,35069,38480,12445,38392,37319,34924,46723,32747,25771,30519,55323,39433,217393,161510,184752,214136,318284,290050,43912,418209,319271,260616,329704,346034,222203,324003,269398,413969,410151,195211,326116,239905,253780,148095,30939,198830,369648,199144,285480,216543,186304,143505,230281,203666,206601,164785,262779,205578,231729,162302,34250,237314,25950,30530,34362,33095,164747,198646,274633,234656,323223,160255,289357,199584,225227,163828,38400,236042,266449,161551,218611,185162,147830,146857,210648,197945,183958,121190,160779,187048,202000,158793,23538,243573,228097,162905,239220,337668,165562,194248,188062,317200,399436,167279,223024,261807,277804,148536,25736,204928,250616,164708,178520,181255,299646,184538,242315,331023,275906,230190,319732,280244,307639,264372,37283,360152,33869,25992,36645,34563,249553,367517,386296,415942,335522,201300,314693,246154,262667,224881,34966,311690,307531,229888,296054,258502,273865,251041,436949,354366,328236,183562,214428,317470,336444,319758,35370,468697,268993,204001,257418,324946,395706,402631,378619,663082
2269606,971049,1285216,1602392,1119968,539345,80132,819673,1291085,593855,835458,821248,1234703,660008,993306,1211253,1049728,776726,862663,931066,719979,460241,56904,609962,70978,52767,59424,80408,608752,577889,689082,824755,1470135,628867,1051785,897868,795323,506989,55957,724972,975034,532984,658001,608460,672828,518253,686041,819474,1128503,624861,734016,1359342,814759,615276,61439,896616,885324,568726,788284,928160,921209,799723,775794,1604538,1235335,550394,729246,775494,1020127,493477,85692,687978,1014878,593660,740121,686291,809559,632866,739483,993972,764371,578421,773193,788893,735682,499329,78922,650412,65491,51336,76009,59560,538121,659197,732843,830681,84444,46166,76079,60397,56880,63709,16262,56064,63932,53458,79204,56509,49914,47855,86688,79776,676649,452660,532805,732071,809713,689207,76087,1044032,827372,561967,775153,858362,656914,872720,725933,1284651,1307075,538795,870570,798430,651546,356888,47879,519583,957737,427927,659526,580132,655323,441148,630573,660719,591381,349880,567326,570468,538303,342597,52601,530611,46859,42394,50932,52633,466893,426814,593825,593448,911181,396751,690351,615925,530631,369712,63982,506509,663881,347059,501148,463445,459121,356044,492086,540475,552473,378637,455135,624551,506903,392173,45703,624830,577216,350057,577813,781960,498516,536704,547803,975390,1316247,498880,656614,922954,828542,457376,49874,673244,784955,467799,539374,608925,1147137,654068,807132,1235320,884989,582247,831768,885453,910914,662178,63969,969857,83758,46418,66738,71632,780419,955139,1007104,1291334,1049110,504112,807107,813573,696221,523701,56617,793435,911361,537333,737180,719312,828933,647457,1022231,1118688,1037070,552878,679098,1127693,1053082,910262,85317,1468518,883990,589224,763936,1048827,1320100,1308032,1236447,2284305
1326827,567439,680203,857505,641520,289192,49787,440797,688030,290632,457204,439316,649377,375013,538007,658183,609008,437714,470066,510135,390308,240386,32224,350024,40649,25743,33455,44690,316558,303552,362094,443874,805948,348311,598681,516403,376435,235901,26410,318091,534021,265266,358958,345212,350630,269235,358930,440327,575905,331040,372610,698588,445929,332678,39934,526431,478430,292782,416615,500946,484404,449130,434160,869499,700177,303350,382754,432969,563521,267687,41471,359963,567168,268054,406255,362251,420859,357889,382846,541440,429976,291075,386000,415905,373500,229714,38473,352852,38421,21377,35355,33900,294671,356061,403637,466267,50171,23779,42246,39755,28194,27102,5145,27537,35037,22567,39251,31379,26784,26702,41955,48771,368525,242459,281162,373705,429208,359542,42024,595065,458500,290117,382606,466917,349453,489117,378243,695468,717552,296002,459397,446096,377369,205931,26950,273365,562657,200422,348337,302696,355318,252786,351421,375611,303513,189037,285311,286500,271965,176122,23051,270658,25472,15024,21052,24087,203496,199840,270989,288966,482499,239758,350625,338205,287410,186688,26390,233981,351621,176268,230832,244388,243211,201365,268178,291981,306703,188699,240302,329104,274921,231345,24045,342795,309747,185889,293252,452478,258165,294624,299237,570030,687418,254505,352828,484010,444513,250132,26329,351953,451488,197729,291661,314859,552589,359285,416499,661959,476753,314816,462351,490494,487183,348317,35305,547102,51409,25834,38372,41535,451126,566386,561420,713174,580429,271767,422560,440772,372322,292105,27690,383682,490408,270368,374068,383756,444183,375804,572303,640977,527628,310729,361663,588935,594356,494342,51147,827815,468851,307011,426127,612926,696933,734789,703275,1363504
242,177,71,152,169,144,37,135,65,60,38,48,185,132,54,203,133,96,55,130,131,100,21,103,48,28,15,19,157,73,49,110,80,51,29,41,87,95,7,67,87,32,24,30,77,31,15,43,183,91,91,141,158,92,33,96,98,37,32,29,227,131,51,161,148,141,45,135,102,87,16,91,41,61,41,38,129,105,58,126,135,92,40,121,107,72,15,94,17,22,11,18,171,82,32,75,33,19,18,17,26,24,8,15,29,10,8,11,30,12,9,18,166,114,89,139,95,74,17,66,54,25,30,25,112,114,30,70,72,54,49,66,43,41,19,44,27,42,33,19,39,35,25,54,57,28,34,46,51,53,13,69,3,2,9,9,57,25,15,48,50,29,42,41,20,35,3,24,17,11,11,19,27,23,21,24,54,37,40,38,22,25,7,33,23,11,7,15,37,34,15,37,180,113,46,221,100,83,38,119,68,93,61,61,153,107,59,187,145,80,52,121,99,63,19,94,19,21,23,23,123,72,38,93,78,48,32,54,32,32,5,39,29,29,15,35,35,21,11,37,157,98,63,188,123,84,29,131,37,35,39,35,130,88,50,88
10520,4852,6439,7143,5713,3160,449,4410,6680,2915,4694,4575,5232,3716,4916,6098,5496,4146,4976,4821,4153,3313,381,3975,426,272,340,433,3334,3712,4056,4604,7546,3903,6477,5410,4075,3201,271,4254,5686,3227,3791,4004,3484,3100,3856,5083,4839,2910,3595,6126,4687,4211,381,5293,4695,2956,4842,4929,4270,4718,4965,8878,6377,3064,4329,4217,5474,3285,416,4075,6435,3489,4899,4106,3822,3788,4324,6065,4543,3741,5073,5010,4965,3358,446,4788,409,265,476,348,3295,4211,5230,5592,471,329,496,396,288,338,64,288,298,294,502,375,250,333,505,432,3529,2757,3301,4192,4936,4594,487,6414,5377,3196,5214,5522,3482,5378,4832,7893,6120,3444,4701,4400,3826,2573,333,3478,5870,2899,3783,3819,3579,3133,3969,4316,3086,1967,3210,3186,3049,2229,247,3335,271,167,245,310,2649,2776,3428,3375,5126,2574,4227,4044,3234,2296,281,3102,3916,2093,2826,3140,2676,2515,3544,3679,2757,2391,2560,3390,2901,2760,290,4347,3329,2019,3736,4508,2794,3505,3922,6220,5937,2372,3395,4202,4426,2804,273,3743,4351,2498,3332,3023,4837,3936,4213,6352,4862,3396,5670,4982,6200,4657,424,6230,586,274,408,429,4501,5732,6595,8014,5521,3404,5171,5147,3852,3025,377,4584,6071,3299,4856,4895,4688,4350,5687,7247,4781,3188,3748,5630,6386,5946,539,8788,5842,3667,5329,7013,6801,8058,8132,13567
7671,3184,3489,5074,3727,1381,377,2190,3360,1502,2306,2491,3722,1861,3481,3833,3084,2321,2557,3214,2020,1168,154,1678,236,235,174,411,1615,1560,2082,2460,4726,1604,2612,2654,2131,1275,212,1903,2577,1287,1645,2015,2068,1512,2551,3180,3336,1758,2319,5177,2287,1895,220,2863,3416,1546,2699,2739,2909,2844,2568,5669,3214,1390,2043,2573,3045,1421,390,2233,2795,1558,2047,2624,2843,1918,2431,3536,2138,1773,2302,2750,2056,1430,194,1771,191,104,184,180,1742,1697,2048,2469,265,143,290,218,239,203,47,142,155,122,186,184,247,162,277,448,1833,1477,1497,2323,2376,2096,258,2869,2359,1444,2087,2745,1903,2586,2193,4198,4785,1707,2236,2455,1622,862,144,1385,2765,1124,1648,2168,1962,1342,1744,2137,1556,1245,1488,1793,1489,886,145,1291,189,110,119,223,1218,1090,1535,1640,2661,946,1718,1798,1330,966,166,1253,1640,846,1161,1281,1563,1209,1381,1705,1572,1125,1618,2384,1416,1374,149,1950,1827,1155,1448,2959,1743,1748,1866,3877,3748,1394,1891,2795,2782,1356,145,1909,2676,1337,1523,2028,4063,2144,2744,4484,2442,1750,2677,2971,3398,1967,166,3216,300,182,170,320,2555,3252,2970,4311,3530,1320,3085,2515,2382,1367,216,2185,2751,1460,1936,2378,2821,2006,3180,3901,3087,1832,2130,3551,3761,3382,345,5406,2848,2005,2291,3465,4045,5716,3983,9139
5170,2051,2409,2668,2128,913,128,1293,2378,824,1538,1288,1879,1134,1540,1958,2022,1199,1400,1302,1045,818,102,1062,132,56,75,109,862,873,1030,1196,2696,1009,1629,1780,1181,682,66,875,1639,911,1048,1099,967,858,1091,1297,1691,886,1068,1805,1119,1046,105,1429,1371,765,1297,1503,1259,1169,1120,2265,2413,811,1022,1195,1501,788,102,949,1837,775,1196,1035,1097,897,1040,1304,1205,746,1171,1067,1099,804,133,1256,105,57,120,106,927,1018,1371,1434,144,58,127,102,62,76,12,61,98,69,135,86,63,84,108,147,1105,668,875,999,1189,1005,137,1630,1465,813,1228,1326,924,1150,1222,1880,2489,887,1639,1320,1077,623,76,794,1426,629,1119,925,1021,727,1243,1016,950,548,945,816,737,571,60,808,72,33,61,65,555,557,804,797,1717,732,1042,961,973,627,71,741,1126,583,760,717,807,644,787,855,884,541,824,913,732,844,87,973,886,525,945,1377,626,878,830,1822,2226,713,958,1328,1217,703,66,925,1473,576,844,965,1453,942,1113,1535,1264,847,1327,1153,1308,1099,93,1624,122,65,132,122,1303,1513,1627,1749,1778,771,1301,1163,1043,791,82,1036,1589,849,1243,1191,1325,1050,1747,1857,1545,816,1091,1326,1551,1229,112,2160,1291,849,1402,1773,1969,1855,2143,4402
2480,1330,1716,1614,1500,956,148,1156,1925,977,1302,1087,1135,896,1200,1216,1340,1328,1531,1128,1267,812,137,1081,128,127,143,161,716,955,1107,1112,2165,1039,1917,1315,1474,1023,111,1132,1632,971,1194,1040,728,944,1043,1114,1167,653,915,1135,1041,986,98,1296,1136,764,1099,1134,888,998,855,1620,1590,884,1220,926,1699,1033,212,1108,1824,1196,1486,1164,957,1020,1071,1244,1186,1068,1515,1183,1267,882,195,1227,161,117,189,144,755,1363,1413,1432,174,92,191,97,132,148,38,135,168,114,197,124,84,134,200,128,853,696,688,857,1379,1369,219,1949,1384,1099,1529,1447,858,1660,1187,1722,1652,884,1548,976,1118,657,108,877,1685,907,1288,904,790,721,967,851,943,683,1197,808,966,628,112,964,100,104,112,102,627,809,1150,967,1412,802,1295,926,936,600,146,990,1230,655,853,788,576,661,976,882,666,447,695,623,915,741,86,1100,904,649,1028,1137,605,860,836,1159,1418,662,807,931,1010,651,91,749,1002,660,761,674,988,784,895,1050,1151,973,1427,1173,1452,1249,167,1691,165,105,159,139,996,1789,1789,1916,1308,827,1381,991,1089,899,123,1296,1405,932,1282,1143,1043,1103,1499,1336,1132,705,799,1102,1389,1463,165,2145,1083,895,1106,1263,1387,1645,1469,2348
2056,1128,1544,1361,1271,803,96,945,1801,850,1319,971,959,733,1009,1003,1170,1067,1283,949,1002,665,103,892,98,79,100,125,605,773,966,934,2126,984,1636,1072,1145,848,86,1013,1675,835,1005,873,669,819,903,987,933,539,750,1002,900,812,89,1138,974,665,979,1062,773,829,749,1428,1389,724,1044,757,1322,781,161,929,1534,949,1223,956,762,871,993,1059,976,826,1239,1018,1074,742,151,993,132,78,114,107,658,1025,1227,1123,136,65,166,71,82,92,31,100,100,57,138,93,68,83,175,107,735,571,618,796,1106,1047,135,1591,1200,963,1295,1271,734,1210,1028,1446,1426,745,1630,848,1011,553,81,800,1621,716,1196,851,595,589,860,755,794,512,946,708,818,551,78,797,80,81,66,91,583,715,1010,810,1223,659,1334,805,789,513,96,847,1012,566,714,686,505,533,871,763,578,397,609,581,774,628,56,888,812,588,919,1135,545,683,763,1109,1218,518,723,738,865,525,64,604,862,577,650,600,908,746,818,962,974,788,1194,1010,1165,1002,99,1351,128,67,108,110,874,1366,1526,1551,1163,737,1248,851,944,791,105,1158,1234,787,1121,1020,923,911,1505,1243,951,551,712,1055,1186,1130,133,1700,1013,782,969,1114,1217,1428,1338,2144
2913,1375,1658,1928,1650,805,88,1091,1720,744,1157,970,1364,915,1302,1308,1542,1046,1243,1056,1062,698,76,855,95,73,63,98,690,817,855,1015,1929,941,1354,1151,1028,650,53,931,1346,716,1001,821,812,792,855,948,1197,730,881,1331,1114,886,81,1182,1082,680,1063,1055,882,958,870,1575,1747,856,1023,1042,1315,762,116,867,1488,785,1130,902,898,874,910,1028,1113,809,1164,1051,1044,573,97,813,89,51,90,60,698,820,1099,985,126,58,107,69,74,56,12,59,73,46,79,69,60,53,85,87,826,566,691,774,1126,915,89,1397,1235,708,1122,1094,748,987,945,1423,1750,791,1176,1007,940,540,65,683,1212,586,901,811,824,685,820,804,777,455,719,620,720,432,52,694,55,22,42,50,506,646,770,627,1278,579,1012,905,658,481,51,670,995,441,660,710,582,552,704,666,687,502,601,627,712,561,71,870,699,422,796,920,522,735,662,1050,1464,612,734,912,982,584,60,736,955,547,696,724,1053,789,848,1145,1236,750,1179,983,1311,824,65,1240,121,55,72,77,963,1244,1435,1476,1390,650,1037,1008,811,711,53,889,1360,657,1066,904,963,817,1193,1268,1012,564,749,1103,1196,1078,84,1669,1069,654,1006,1172,1276,1348,1424,2332
3002,1437,1709,1942,1700,828,98,1101,1747,779,1147,942,1376,922,1245,1261,1618,1059,1231,1047,1075,702,78,839,91,68,66,97,684,803,824,984,1944,936,1365,1129,1039,651,52,919,1319,719,981,768,817,749,823,878,1218,735,841,1247,1099,854,85,1151,1033,649,1001,1002,855,904,832,1420,1843,894,1042,1029,1327,752,109,834,1473,766,1109,874,888,854,848,974,1144,790,1146,988,1013,557,99,782,95,47,95,50,681,785,1050,951,125,62,102,56,67,51,17,62,73,51,81,72,57,56,84,75,828,534,683,753,1100,883,85,1317,1173,699,1077,1013,741,954,895,1306,1764,777,1149,951,953,542,56,669,1206,583,871,760,789,649,784,739,795,447,727,589,716,422,50,682,47,30,46,48,507,618,739,596,1250,583,994,853,648,485,54,647,972,431,629,658,545,518,679,619,674,483,585,588,699,518,64,828,657,417,760,860,485,681,597,943,1481,619,715,882,975,572,59,691,948,533,660,691,988,764,808,1037,1251,726,1118,940,1264,770,60,1164,112,52,70,77,926,1179,1349,1365,1321,639,959,923,804,683,48,832,1316,633,999,863,911,786,1108,1134,977,545,723,1009,1137,1003,77,1523,979,602,973,1064,1173,1202,1294,2036
2960,1469,1751,1971,1754,813,98,1093,1822,756,1160,943,1381,925,1272,1253,1600,1056,1256,1065,1046,703,70,862,81,86,71,74,693,800,802,972,2003,981,1352,1149,1037,676,45,918,1338,663,942,749,781,704,813,876,1224,690,848,1246,1108,856,98,1069,1071,667,1026,968,829,889,810,1328,1843,901,1050,1024,1312,755,111,795,1484,771,1095,868,891,874,853,921,1184,740,1136,1007,1043,556,112,760,80,56,97,49,703,701,1016,940,126,59,100,63,78,71,18,60,66,63,94,70,44,48,90,60,852,567,657,672,1060,861,91,1231,1155,677,1043,940,688,934,891,1172,1855,785,1165,982,954,537,60,699,1214,585,834,748,791,648,801,717,775,441,741,568,723,464,50,641,55,38,50,43,506,611,756,536,1282,582,983,850,612,456,59,616,943,423,622,645,548,520,651,599,651,483,564,566,673,465,63,755,665,401,757,875,482,654,573,867,1493,603,715,854,957,576,43,680,965,564,603,615,945,684,806,965,1259,736,1085,899,1255,748,50,1097,132,47,75,76,846,1131,1241,1237,1375,628,946,895,798,675,64,815,1350,594,975,854,891,684,1144,1041,938,516,678,916,1138,968,78,1400,953,607,947,977,1049,1108,1210,1797
1959,900,1199,1339,1070,589,82,831,1239,559,933,901,995,714,916,1203,1025,794,957,918,810,604,66,709,79,53,62,90,659,693,802,880,1376,759,1222,1038,808,597,63,849,1092,644,746,789,646,600,772,1006,953,557,676,1198,864,785,64,1033,850,553,946,941,844,881,988,1768,1223,567,850,773,1047,593,82,774,1224,715,948,762,745,722,781,1152,884,710,994,935,902,572,87,882,82,47,87,55,595,772,1027,1051,82,71,82,85,64,61,13,47,75,65,94,68,54,50,110,88,650,546,634,801,896,874,106,1245,1028,673,1053,1100,669,1057,933,1532,1147,623,895,883,731,480,65,685,1111,570,744,730,710,577,777,838,594,380,659,602,617,396,50,666,55,35,56,71,504,563,703,684,1011,494,864,798,639,464,60,623,756,430,529,618,537,461,697,749,531,444,491,661,558,521,54,818,659,398,740,928,565,699,791,1272,1068,482,688,833,846,527,55,744,821,473,646,631,934,733,816,1288,910,612,1039,945,1194,871,68,1188,104,50,97,86,873,1093,1322,1576,1078,637,987,981,724,607,81,935,1244,647,964,969,890,840,1146,1484,937,625,770,1111,1188,1141,113,1768,1146,723,1085,1391,1365,1574,1633,2644
2621,1085,1521,1761,1236,584,98,855,1417,636,1001,959,1338,775,1129,1327,1194,910,957,1025,731,526,64,736,94,46,71,86,591,605,764,884,1626,675,1130,1119,882,468,77,665,1191,646,718,763,727,578,762,968,1215,649,786,1532,838,705,70,1046,1040,575,849,1139,971,896,851,1688,1402,574,766,848,1161,564,88,752,1127,586,894,797,888,666,791,1080,840,601,794,843,768,534,93,827,90,38,71,74,605,721,932,973,113,59,90,88,55,50,9,45,78,58,82,63,53,60,85,102,689,468,599,703,844,716,111,1186,1026,625,838,994,765,846,866,1333,1555,600,999,955,771,418,55,569,1053,438,801,602,717,497,772,767,669,434,697,627,567,385,45,573,65,28,45,56,380,440,577,632,1085,481,756,660,681,434,53,529,708,377,448,499,562,467,527,577,675,389,544,728,577,564,41,727,657,415,588,835,541,604,602,1187,1410,514,727,1005,918,491,56,668,953,432,622,677,1239,722,911,1232,887,620,956,930,1012,777,71,1095,101,47,94,84,883,1091,1210,1321,1285,598,918,885,809,618,55,790,1005,616,784,808,994,804,1121,1287,1077,627,755,1141,1134,970,104,1546,963,657,938,1238,1323,1408,1477,2587
1901,831,1206,1494,1043,535,80,786,1289,589,895,795,1110,708,1041,1269,1010,693,899,907,809,440,58,669,71,32,58,91,598,608,688,776,1529,675,1055,972,773,549,50,716,1011,591,678,722,623,593,754,916,1027,591,745,1247,889,717,63,1043,934,552,977,988,908,933,886,1719,1142,573,758,864,964,556,70,709,1034,622,826,742,766,738,885,1114,829,646,821,1002,834,548,82,689,66,49,92,62,542,714,874,926,78,57,81,67,49,74,1,49,59,43,88,68,54,54,69,110,666,448,556,770,862,729,95,1207,931,605,959,1017,588,1010,784,1515,1192,588,949,933,709,401,53,527,1073,448,665,693,714,558,698,794,593,325,544,636,575,391,64,575,48,35,34,44,446,480,695,643,933,413,806,761,575,401,62,640,731,386,551,517,482,425,686,652,546,368,453,634,538,498,60,752,640,420,698,865,570,657,723,1161,1197,452,655,837,793,484,49,648,835,429,616,656,1020,709,827,1269,905,635,960,958,1080,774,65,1123,98,57,74,90,854,1091,1255,1552,1122,545,937,963,701,581,48,859,1112,658,868,938,842,776,1114,1433,902,567,782,1174,1169,1098,101,1750,1062,612,942,1295,1359,1518,1518,2558
1524,855,1140,1067,968,662,87,752,1212,701,936,763,750,577,835,824,896,916,1017,806,828,551,99,737,88,68,80,105,467,669,830,767,1398,819,1266,849,908,709,91,817,1078,693,874,713,530,696,751,805,761,442,594,795,727,627,80,924,790,541,730,897,657,676,614,1187,1070,561,841,611,1142,640,135,807,1227,774,1035,829,657,690,791,933,818,706,1028,790,874,650,128,929,108,82,117,105,531,927,1059,993,109,65,148,83,81,80,37,101,106,58,112,92,58,83,140,104,585,471,503,643,920,943,129,1495,1032,820,1082,1106,581,1098,851,1228,1074,607,1063,667,847,468,68,644,1185,584,855,680,467,497,668,595,615,438,785,586,675,469,83,688,82,77,70,80,450,571,826,684,957,530,849,636,676,419,105,678,832,477,635,608,393,493,718,635,457,304,515,477,679,546,54,831,660,510,757,1028,447,618,623,867,918,446,568,641,678,445,51,530,708,466,532,510,718,595,664,782,754,664,1035,889,965,911,102,1156,127,72,101,95,754,1320,1325,1314,947,613,1041,658,759,707,76,935,956,650,931,826,772,838,1346,1011,770,487,604,844,1016,1018,132,1463,777,606,794,936,1020,1237,1025,1781
2257,1030,1243,1531,1188,518,109,846,1247,608,885,774,1140,747,1010,1094,1123,827,956,924,749,447,69,673,73,61,64,90,566,562,691,827,1481,698,1209,901,718,431,43,589,979,496,700,618,623,471,665,709,990,598,638,1198,882,618,81,927,845,596,769,862,821,825,745,1339,1312,606,774,801,1055,507,73,697,1142,465,796,684,750,655,688,972,826,529,700,742,682,355,67,606,75,40,79,69,564,661,763,852,101,48,91,65,55,54,9,66,62,45,87,59,54,43,86,89,710,452,497,641,846,665,76,972,849,576,676,829,631,876,638,1190,1335,552,823,809,764,428,51,517,1115,382,633,518,594,470,620,638,609,350,547,507,533,317,50,531,53,27,34,46,405,368,529,491,895,490,666,613,538,379,53,399,695,325,449,436,412,366,517,464,577,349,405,570,525,378,55,572,544,337,580,813,423,477,477,810,1157,473,674,850,823,485,55,586,785,326,479,492,940,637,754,1026,935,626,884,892,833,591,77,1030,104,56,76,67,765,968,947,1165,1042,524,682,742,702,567,55,739,928,503,669,646,812,650,1006,925,877,550,542,948,1084,870,91,1374,752,554,721,889,1042,1241,1056,1801
3255,1312,1408,1734,1375,609,84,833,1443,500,861,741,1283,705,921,1198,1290,747,832,814,691,510,71,623,81,36,54,85,566,552,628,724,1621,631,1075,1029,719,422,45,560,962,501,601,617,593,511,657,720,1128,588,677,1100,749,611,77,855,875,455,764,852,832,687,704,1336,1511,565,628,768,926,475,68,552,1111,516,689,623,666,554,642,806,790,458,736,648,697,473,85,725,68,43,79,58,555,586,780,823,96,37,89,62,37,61,8,42,67,54,83,53,48,50,73,91,708,409,513,620,720,595,80,910,834,495,736,751,550,704,680,1070,1504,559,936,767,659,394,55,468,950,359,648,545,645,463,692,591,559,312,552,500,477,339,37,484,48,25,42,45,339,355,450,477,1016,407,594,572,555,375,46,411,666,348,463,414,475,381,456,490,534,316,444,574,449,481,48,558,511,319,559,711,387,492,485,929,1439,465,573,838,723,417,49,617,852,371,483,572,899,570,691,964,833,504,819,706,767,658,55,912,87,44,82,74,790,812,958,980,1032,501,744,728,612,479,61,608,894,484,744,718,752,594,914,992,945,493,644,830,944,705,82,1217,785,491,781,938,1143,1066,1126,2292
1529,830,1027,988,908,562,90,680,1087,593,827,700,694,542,750,736,804,864,957,755,783,510,72,617,79,73,80,103,437,588,685,721,1196,624,1170,833,867,637,68,774,1034,620,735,683,445,638,696,732,750,415,592,746,630,606,53,816,712,512,764,705,533,640,576,1032,978,539,757,562,1155,633,135,669,1100,756,939,760,605,659,738,750,732,696,969,758,816,560,104,757,80,53,83,86,438,824,903,930,97,33,90,75,86,74,15,63,69,62,108,78,48,69,120,83,517,448,455,562,862,817,127,1260,885,702,949,937,572,1062,803,1209,1013,489,868,611,654,398,57,585,1002,552,793,594,545,434,649,562,568,441,718,515,607,421,49,617,44,48,62,61,443,525,722,668,834,470,805,614,590,398,74,673,742,426,569,530,392,445,590,631,392,303,426,415,590,488,41,757,594,364,640,780,384,589,582,874,854,382,555,561,663,389,53,497,634,445,513,457,659,470,556,733,732,591,911,724,949,746,77,1104,92,64,92,70,664,1129,1163,1327,853,567,876,668,699,585,58,848,878,627,855,767,651,724,972,983,693,436,576,695,876,965,97,1450,773,612,774,908,911,1098,1106,1495
782,320,529,572,294,235,35,286,394,281,374,858,260,205,313,575,299,313,801,431,395,221,30,421,43,52,45,299,164,336,391,318,476,294,536,315,440,372,51,468,420,426,392,495,196,453,1269,847,254,150,210,865,251,210,36,311,458,243,238,793,225,573,245,2720,351,183,754,229,477,425,321,364,569,543,700,1369,741,285,757,1393,285,480,694,1234,371,256,69,388,45,44,53,216,716,560,573,519,42,31,81,29,41,386,11,70,44,43,51,55,56,395,218,218,536,600,249,219,1010,369,400,713,427,475,601,600,291,472,534,773,402,216,376,245,385,185,49,337,396,313,428,316,143,148,422,745,231,242,537,417,837,258,45,398,39,41,41,39,181,346,467,412,367,373,387,360,390,264,50,403,319,260,247,269,180,451,344,293,209,151,239,381,608,774,158,380,615,462,769,874,173,321,244,1305,668,131,248,307,688,222,34,222,262,194,231,222,335,171,240,1050,702,552,1149,1094,1090,349,214,1161,56,371,54,333,543,1250,672,821,354,258,449,753,556,516,48,465,704,378,405,449,548,621,889,685,355,265,211,331,1628,1461,220,1882,314,405,328,476,473,3825,500,3696
958,358,544,729,439,212,30,307,574,271,327,364,579,261,471,553,452,300,376,394,269,177,16,223,25,23,26,34,238,201,263,340,607,268,429,426,386,195,21,317,389,207,244,248,282,225,289,371,542,285,319,632,292,291,28,406,415,220,341,439,476,385,354,761,495,201,306,339,418,188,31,271,424,268,291,282,364,301,312,467,290,229,307,344,295,203,28,238,25,9,33,25,190,248,296,338,29,18,25,36,25,18,4,17,29,16,35,20,23,15,38,37,279,175,197,324,309,272,20,396,338,227,319,377,293,363,314,535,528,215,394,346,291,98,19,208,373,183,260,274,316,167,297,334,256,130,256,279,209,124,21,191,22,17,17,23,196,179,249,275,369,130,270,262,227,143,21,207,244,129,227,201,190,134,213,230,267,143,189,265,208,164,25,270,274,153,228,287,205,250,249,452,608,214,292,450,374,187,28,256,359,197,210,247,519,288,335,622,342,249,326,427,397,261,27,420,36,15,24,31,351,369,453,552,478,200,366,390,283,189,33,358,369,246,295,298,369,293,402,518,476,242,308,543,535,378,33,653,407,263,320,479,595,601,552,963
598,243,402,431,275,145,31,215,391,171,254,203,306,182,280,337,298,161,262,218,178,115,24,184,24,29,21,19,143,166,177,183,404,190,316,283,220,158,28,187,276,135,176,167,165,132,167,196,295,153,165,287,241,153,27,184,266,173,220,200,243,192,213,308,349,166,207,234,223,135,31,155,321,179,202,191,180,159,188,216,234,128,220,164,185,145,31,166,19,24,29,25,141,201,181,201,25,17,30,16,35,25,13,21,30,17,37,23,12,22,33,15,181,111,114,152,225,208,26,269,203,156,210,171,172,188,176,248,383,152,232,204,215,92,18,154,273,121,206,142,186,125,177,166,180,98,170,153,177,91,22,147,22,18,30,18,120,112,166,151,280,123,189,144,140,115,29,127,189,93,131,103,120,85,130,122,126,95,98,136,140,95,20,126,155,97,147,151,132,120,104,194,344,105,178,236,226,129,13,145,208,122,92,124,228,139,214,237,244,157,241,208,206,176,20,227,23,23,27,20,154,249,216,249,262,149,207,211,206,139,18,214,242,166,172,164,158,142,219,217,261,154,169,243,244,173,20,289,205,151,167,214,280,226,244,416
793,259,471,379,297,123,35,184,477,119,247,182,245,156,221,296,316,197,202,159,145,101,31,128,21,21,15,25,133,135,128,181,464,139,252,223,168,93,13,166,273,114,157,169,163,104,189,214,238,122,158,243,173,144,25,208,172,134,176,197,207,178,166,470,334,138,162,172,223,106,19,141,229,142,165,148,134,129,159,199,150,114,178,165,167,88,16,144,20,10,23,15,108,118,149,225,22,15,27,13,11,24,2,16,22,9,17,26,11,9,31,34,138,115,107,188,161,137,23,239,159,95,165,191,150,233,187,335,449,124,229,159,166,81,16,117,169,91,148,166,170,93,129,193,135,69,124,114,119,72,6,121,11,11,11,16,97,92,113,142,243,113,139,176,114,81,13,106,131,72,105,139,108,99,131,194,148,78,105,174,93,81,11,163,147,72,153,259,109,112,164,414,326,118,163,208,188,95,12,135,203,88,153,174,212,172,170,333,205,109,180,183,176,154,15,207,25,11,25,29,210,215,220,356,232,113,156,173,149,120,21,156,245,119,168,198,223,136,280,357,291,115,248,282,250,190,31,391,196,145,236,349,471,339,409,1227
483,249,339,314,304,134,24,196,340,127,343,148,243,162,238,229,299,218,367,149,201,125,23,148,16,13,16,20,127,190,299,199,361,164,289,194,159,120,14,186,361,116,310,119,114,108,291,165,212,120,135,320,174,154,13,165,171,182,178,160,152,157,174,268,329,157,149,217,406,152,19,352,263,145,212,304,143,112,139,206,203,290,214,181,194,96,16,129,30,11,16,13,128,127,154,154,35,12,19,15,18,9,2,20,19,6,17,13,5,15,22,22,176,99,141,135,214,272,19,273,193,160,180,369,122,170,145,234,335,137,334,149,171,110,8,122,257,104,247,122,121,95,145,136,144,111,134,102,139,76,11,107,13,11,11,7,113,234,222,115,353,123,243,135,125,74,13,95,265,82,123,100,89,72,218,108,101,72,82,117,272,96,12,119,144,254,182,267,91,137,117,191,238,115,136,192,152,101,14,145,148,103,104,104,280,137,169,180,206,310,209,168,354,138,20,179,22,14,12,24,183,227,228,203,206,112,179,153,189,130,13,383,209,103,120,255,164,304,316,240,192,121,101,194,233,169,28,284,142,119,147,228,243,250,200,395
57,34,50,75,45,36,26,29,41,7,32,106,50,65,71,137,55,50,280,127,91,20,11,52,28,10,8,173,30,73,59,67,31,10,49,77,31,26,12,16,33,15,43,328,57,48,463,228,68,98,38,376,59,71,9,55,42,36,13,189,54,380,48,952,84,34,80,129,118,90,171,84,71,22,321,532,417,27,140,700,70,193,313,435,58,21,18,14,7,6,18,33,250,69,42,78,7,11,11,43,20,105,10,15,5,6,16,26,38,25,27,191,57,226,105,83,426,108,133,58,13,27,43,71,75,41,99,187,20,45,21,29,35,11,5,14,13,33,13,74,29,40,21,105,51,21,27,213,227,5,15,21,10,8,7,28,22,17,9,44,16,15,18,17,17,17,5,16,19,17,15,47,25,273,35,123,27,48,5,98,103,253,19,112,62,225,22,618,32,121,16,806,55,23,35,90,315,37,17,102,42,23,53,84,84,62,48,492,151,199,326,509,635,65,20,352,27,126,20,47,169,566,44,213,61,29,55,58,244,120,26,45,9,17,24,55,58,141,402,433,51,99,54,129,597,640,59,767,86,147,27,156,172,1521,253,2254
367,169,261,306,219,102,12,140,267,128,210,157,261,125,183,278,220,116,161,187,128,103,10,120,13,9,14,16,114,117,142,201,286,127,170,250,157,97,10,153,198,114,145,138,126,95,130,197,195,117,187,283,177,128,8,185,195,108,165,208,205,214,220,378,232,116,175,156,144,98,16,155,199,111,159,141,142,141,174,244,138,109,140,202,137,106,22,161,10,13,11,16,120,171,157,178,16,4,11,7,15,12,3,15,11,12,9,10,13,6,18,22,145,107,92,174,190,148,8,225,185,137,162,179,142,210,173,298,271,99,180,180,143,67,12,123,163,104,118,118,164,108,133,193,129,66,117,107,117,80,8,126,4,11,7,16,101,80,145,142,210,86,141,134,98,95,11,109,163,73,92,100,95,87,96,117,115,84,83,128,101,86,19,126,115,84,119,118,111,121,133,217,233,89,146,205,178,94,12,156,204,74,108,132,215,123,186,302,192,122,192,205,207,137,10,219,11,12,10,11,183,203,220,302,218,128,181,207,149,127,14,191,199,114,182,147,176,144,192,246,218,132,156,241,243,211,9,372,239,152,196,253,289,290,314,540
497,184,249,275,248,124,10,138,297,114,145,155,195,125,162,222,222,152,196,161,179,111,17,116,18,4,20,14,121,100,122,153,323,167,245,172,141,129,7,115,181,106,131,121,127,91,115,168,197,100,119,196,155,117,19,143,189,119,142,160,168,136,154,280,238,127,144,140,179,118,21,132,216,118,157,147,129,125,144,177,163,123,165,163,165,135,17,166,24,10,16,13,113,131,154,177,14,18,23,15,7,15,2,7,8,21,25,13,5,7,18,18,111,93,109,131,143,121,17,176,150,116,138,148,145,171,138,232,249,119,180,141,150,95,17,111,235,85,132,113,114,84,134,119,91,79,120,95,124,97,7,113,13,9,9,6,84,65,106,121,167,90,135,97,104,80,14,100,130,84,104,70,88,69,80,94,83,59,89,105,99,72,8,118,108,65,90,111,84,116,88,215,221,90,138,148,154,86,8,115,159,75,105,86,174,100,170,220,173,96,157,156,146,140,22,180,15,8,22,15,126,161,170,235,185,98,162,167,133,117,14,154,169,87,128,127,116,130,161,223,206,111,109,232,185,178,16,255,165,118,141,211,261,211,255,429
342,170,221,226,170,86,11,142,244,125,145,152,195,90,154,191,165,147,176,156,103,73,17,109,13,13,12,8,93,100,132,149,236,140,211,156,166,100,20,149,176,87,122,125,106,105,107,197,195,109,103,214,112,101,13,162,150,78,121,181,157,123,122,285,183,81,137,116,174,80,13,124,191,126,142,139,126,113,119,147,117,99,145,114,120,100,20,132,18,28,20,12,93,150,161,162,11,12,22,13,12,24,20,27,21,19,20,9,7,8,18,18,119,62,92,110,140,175,22,273,134,124,177,200,121,170,150,271,189,76,165,109,160,65,14,88,182,89,141,119,106,80,114,101,98,64,116,90,97,67,19,102,18,27,20,15,75,118,137,119,152,66,153,102,81,76,27,110,104,82,91,100,77,77,110,119,88,65,86,128,110,74,10,141,110,72,108,194,94,112,111,230,245,82,143,179,140,71,8,120,126,95,81,105,194,105,143,248,137,81,161,145,155,133,22,223,9,15,17,16,122,242,205,282,140,109,145,130,109,85,13,163,172,106,144,149,177,145,249,213,247,103,126,238,162,183,12,275,130,96,165,209,342,227,217,487
302,135,250,205,120,99,32,118,265,77,120,88,140,87,99,173,132,166,121,139,167,82,27,97,17,26,21,26,78,136,118,146,285,153,137,106,102,125,18,90,134,157,89,115,79,59,80,114,125,82,77,154,51,68,14,127,87,73,91,152,147,108,84,373,132,62,63,75,177,124,14,179,225,105,152,80,89,63,123,132,98,124,155,95,87,143,57,168,34,33,54,34,89,167,187,228,33,38,41,24,16,38,27,21,31,40,53,24,14,26,42,26,88,76,88,93,148,151,30,337,128,183,199,216,90,216,144,477,256,103,151,85,146,88,21,84,105,86,145,88,59,57,66,120,42,70,164,82,112,86,42,180,37,22,43,23,51,74,162,106,130,62,111,89,126,92,52,142,106,65,81,92,34,76,135,151,104,59,64,94,49,69,42,130,109,73,133,333,44,80,106,287,202,69,86,134,115,62,23,97,86,67,78,76,150,53,115,287,60,134,122,91,106,144,29,226,48,21,30,25,127,289,259,447,146,87,135,83,114,165,28,140,121,150,121,165,194,129,391,226,174,80,78,264,159,217,38,528,127,118,134,239,315,538,284,1133
33,11,34,49,18,9,3,19,34,13,57,108,44,21,53,106,25,25,135,88,48,14,9,40,10,3,16,56,46,23,37,54,31,17,70,62,16,21,12,73,69,58,310,223,39,48,274,223,23,24,63,316,35,49,9,80,31,39,72,170,64,279,76,533,39,16,97,84,57,40,52,54,47,52,212,301,258,32,120,407,88,81,195,283,40,19,14,44,6,9,15,17,185,57,67,72,7,23,7,19,13,83,3,15,5,53,23,24,8,8,23,82,52,150,363,100,273,51,100,81,39,44,129,87,54,70,128,154,14,11,31,50,26,20,13,41,23,31,43,71,58,44,49,85,31,17,77,147,158,16,7,53,8,7,50,23,329,26,106,78,34,35,42,75,65,50,48,356,57,323,103,91,45,187,78,98,13,42,32,70,49,175,16,152,49,158,67,406,55,86,66,476,41,11,50,41,172,42,17,46,76,26,348,104,66,76,90,354,92,80,205,299,400,68,17,244,32,95,24,25,105,399,89,202,34,25,49,80,178,80,25,95,55,85,138,70,65,149,306,280,55,61,96,100,319,454,51,482,69,137,80,137,139,871,153,1179
211,105,152,145,130,81,14,92,143,96,129,92,89,86,113,96,111,136,155,95,121,77,12,91,14,16,13,13,52,77,106,116,180,108,202,119,156,96,13,101,168,98,125,100,63,105,110,98,88,48,80,103,83,99,9,139,110,76,89,116,91,80,79,172,125,76,113,73,168,106,26,124,176,119,172,124,86,93,86,134,109,99,155,105,140,114,16,168,19,13,14,10,62,171,161,153,17,7,23,16,17,12,3,11,15,10,18,8,4,9,25,11,63,57,67,97,137,159,20,255,132,115,157,151,70,211,97,162,150,87,139,85,115,59,10,73,192,89,112,99,58,69,111,83,77,84,131,81,80,75,8,97,11,5,10,12,62,70,117,76,141,68,132,98,100,49,9,87,129,49,90,87,48,71,81,95,61,30,71,56,103,85,13,104,94,72,88,123,67,83,75,92,127,49,56,81,84,55,6,62,98,62,78,61,86,82,81,109,90,105,150,118,127,172,20,191,19,9,14,14,108,253,171,195,123,74,135,89,100,103,13,126,127,88,122,100,103,120,161,113,100,72,81,102,140,167,14,229,85,79,103,107,127,176,123,252
825,126,80,426,100,46,36,50,56,24,43,29,362,83,77,243,56,191,65,179,67,45,20,25,29,45,48,80,50,70,55,51,112,31,46,36,17,27,7,21,62,36,74,44,27,51,38,38,449,115,44,634,169,70,29,50,95,47,40,96,495,46,66,379,73,15,13,44,209,60,85,78,71,27,72,65,178,85,72,112,36,51,42,86,58,130,24,80,14,26,15,39,28,61,74,33,13,22,5,20,25,25,37,32,27,22,25,29,43,50,44,46,50,25,11,77,111,34,18,39,25,85,13,87,52,34,26,79,164,19,22,30,38,19,32,22,31,8,39,38,66,25,43,79,16,19,45,30,47,28,26,52,10,20,25,31,29,21,28,26,74,20,27,61,28,22,17,15,61,6,37,76,20,34,22,112,51,17,11,106,104,39,23,35,52,27,25,69,84,36,33,203,395,72,37,265,144,32,49,76,67,13,62,22,636,125,86,552,37,171,83,152,43,89,24,39,7,28,15,33,56,50,53,81,36,38,38,96,40,79,25,36,32,18,44,39,95,66,69,160,219,144,98,582,59,52,13,116,36,21,55,138,412,124,125,899
103,70,102,60,278,24,10,97,48,68,19,96,51,16,100,64,228,393,719,136,273,20,18,16,12,6,18,12,83,47,452,55,132,42,148,17,751,15,9,46,63,6,25,25,117,21,605,65,55,40,86,78,69,16,6,21,67,15,76,108,34,16,156,54,114,100,30,106,515,251,25,464,104,251,32,526,69,42,76,140,31,228,43,56,26,21,3,24,4,3,3,15,7,19,19,14,3,13,14,4,11,5,0,3,3,4,1,14,3,1,22,9,28,31,16,47,23,19,1,68,80,12,35,439,13,10,17,60,91,180,60,43,561,30,11,37,124,447,53,119,64,24,30,17,69,539,106,119,29,13,1,3,6,9,1,3,13,30,15,6,124,51,490,35,35,6,3,5,34,14,22,22,22,19,46,10,37,56,80,48,66,12,8,11,547,33,530,113,58,22,56,28,27,59,39,22,122,22,2,39,63,55,15,67,75,30,60,39,22,94,45,16,30,20,3,16,12,1,0,5,19,15,80,25,115,533,91,79,36,20,7,10,601,25,44,36,79,56,550,80,27,58,18,31,19,22,3,39,124,13,65,105,29,35,78,41
80,94,129,34,372,57,7,48,47,52,28,102,44,17,89,25,247,408,796,150,360,42,21,17,14,8,11,9,80,27,525,38,136,27,163,24,822,26,9,44,76,17,37,20,132,13,654,75,38,27,93,31,56,11,9,6,58,8,57,122,9,11,214,20,157,106,33,94,564,330,28,530,121,233,51,583,71,23,82,175,45,264,72,66,47,29,7,13,7,7,5,20,3,16,18,14,6,19,12,5,12,2,3,6,5,2,1,11,6,6,27,3,14,23,11,51,33,19,5,26,51,39,27,473,11,6,14,46,70,213,49,17,579,27,4,49,129,563,48,123,45,29,20,27,85,683,73,114,21,11,7,12,16,7,2,1,8,31,24,14,113,53,565,26,43,9,3,11,45,21,43,6,7,14,22,11,77,65,65,29,81,6,3,12,644,41,547,71,51,2,56,20,30,71,18,30,86,26,3,43,53,53,23,66,29,13,54,27,13,98,47,21,18,14,4,9,5,1,1,12,8,9,23,11,94,560,123,66,78,14,11,16,631,26,34,17,91,69,600,40,20,43,26,12,9,9,2,7,90,31,77,134,30,8,48,19
858,436,75,352,228,23,88,164,101,14,36,27,196,21,248,45,99,323,40,106,29,9,6,134,24,7,7,74,36,55,240,41,335,49,23,16,18,0,9,6,205,15,11,7,37,5,35,9,42,38,36,183,24,6,3,20,231,39,185,74,23,16,62,18,134,16,56,14,203,25,10,175,15,5,26,31,27,5,83,28,16,14,10,12,13,2,3,11,3,1,1,5,11,5,126,15,26,7,91,5,4,2,2,2,5,1,5,2,7,4,68,3,16,1,22,27,40,10,1,19,151,13,133,99,4,2,42,15,659,38,32,130,99,123,7,23,274,7,29,11,31,19,10,25,90,33,15,8,7,6,1,5,83,2,2,3,8,4,4,2,253,121,30,45,58,8,73,6,25,10,10,1,40,2,31,2,39,20,124,31,11,3,17,0,89,23,68,9,11,3,7,9,70,13,15,14,38,7,7,10,33,7,147,17,45,8,188,21,15,43,12,17,3,12,0,7,19,0,3,0,11,6,25,5,245,75,177,19,66,9,6,4,214,119,20,65,130,20,55,16,15,3,22,21,12,3,1,8,46,10,32,39,23,3,16,12
258,98,153,218,192,58,10,98,141,56,96,96,174,71,139,176,170,202,348,108,155,43,13,57,10,8,12,11,78,58,234,93,178,62,153,96,327,53,6,72,129,58,57,50,118,42,259,101,158,61,93,159,114,48,14,68,105,59,90,105,113,96,136,196,156,82,60,107,263,143,17,226,126,123,82,272,95,62,79,145,72,131,72,68,63,58,8,52,8,7,8,19,51,42,58,65,5,9,16,4,7,9,0,7,9,4,13,16,9,4,23,11,71,42,46,73,69,47,7,74,83,57,78,199,78,70,58,136,147,99,90,115,266,27,6,57,107,222,69,86,69,52,60,77,69,228,85,101,62,35,11,43,6,4,9,6,40,31,54,71,143,59,235,66,48,37,8,49,70,32,36,35,39,40,46,49,79,59,72,59,71,23,10,44,215,46,219,89,74,54,54,87,166,79,86,120,107,40,8,82,115,57,47,66,133,59,81,143,94,89,98,104,63,45,10,64,10,4,13,11,63,66,71,113,125,226,80,91,101,52,11,68,295,48,67,73,103,62,241,108,143,75,74,125,131,64,7,127,119,70,96,121,152,109,158,217
1077,435,156,500,224,83,119,148,165,68,87,81,297,56,351,155,122,309,90,128,45,33,25,183,31,25,13,99,61,35,269,110,402,83,80,93,62,29,15,51,201,40,47,53,60,38,82,75,155,80,60,258,54,30,15,59,294,103,249,108,101,70,88,185,129,34,115,70,237,37,21,216,67,34,54,90,67,33,117,95,39,32,47,55,22,23,9,44,14,6,12,21,63,42,187,53,36,14,67,11,23,19,0,7,7,10,12,14,16,20,105,14,69,29,54,59,74,25,23,65,194,29,185,153,51,27,83,103,764,69,53,204,110,137,13,56,322,27,55,40,92,31,49,88,107,105,41,50,48,18,10,40,64,2,11,7,26,41,40,35,325,147,77,76,88,31,58,37,67,22,47,24,43,37,62,41,71,35,124,74,54,31,16,35,119,36,123,65,52,33,39,85,198,36,77,85,78,29,15,55,104,28,145,44,97,38,237,106,80,65,67,79,59,24,9,78,19,16,7,28,61,69,65,66,327,72,219,80,130,37,11,47,350,142,54,92,185,41,94,79,101,33,83,87,109,84,16,102,91,57,81,73,100,181,92,238
339,176,182,205,163,87,8,151,194,87,114,114,200,79,141,185,160,114,130,135,102,60,16,71,14,6,8,5,94,89,104,141,219,105,135,123,113,61,7,93,135,58,78,75,89,76,93,110,162,91,96,214,125,81,7,108,122,80,106,145,147,108,121,232,167,91,107,117,138,70,10,96,147,68,99,87,100,80,113,144,102,74,112,94,93,49,15,72,9,6,16,12,66,63,94,99,15,3,11,12,6,8,0,2,12,9,15,9,6,10,12,6,92,58,77,88,86,87,9,118,119,74,92,103,110,120,86,142,213,80,116,127,107,38,5,91,125,50,78,83,84,66,83,86,98,44,57,92,76,39,4,62,7,3,8,6,59,40,73,77,132,61,84,79,71,47,8,54,80,51,67,49,70,34,53,69,87,48,57,100,64,44,7,67,91,42,77,68,78,68,81,119,183,62,104,156,131,54,10,90,116,69,55,84,179,96,116,193,122,82,102,115,111,81,8,117,11,1,13,11,96,108,117,141,170,72,106,105,101,66,9,100,129,62,87,93,127,62,120,161,164,88,94,182,146,105,13,169,121,80,96,154,193,137,163,288
291,106,152,256,159,50,21,106,171,56,100,105,225,85,161,183,144,89,120,156,79,69,11,70,21,9,9,19,63,71,122,102,167,95,126,132,90,50,7,83,127,64,90,91,96,62,122,90,183,108,94,211,119,67,13,122,166,89,121,139,146,118,101,256,175,86,79,99,124,63,13,84,141,71,120,91,114,99,128,146,92,65,95,104,95,65,20,88,10,8,19,9,60,63,99,106,16,11,10,15,7,11,2,7,5,14,18,7,12,14,17,17,76,47,51,70,119,85,8,120,101,93,99,138,83,121,91,161,156,75,118,150,89,56,10,73,103,55,77,92,94,51,100,104,76,47,82,82,73,41,7,66,7,7,8,12,45,67,60,89,143,55,81,83,65,55,14,69,97,50,74,84,71,51,74,82,80,70,58,105,81,48,8,85,101,58,92,125,74,64,73,134,183,69,83,149,137,60,14,95,105,48,75,82,163,86,126,188,127,83,126,145,109,93,8,104,14,3,8,20,76,131,149,159,173,67,110,119,125,71,11,102,133,75,123,96,134,95,164,156,145,81,107,177,162,114,16,188,101,69,115,147,207,177,167,347
760,379,119,352,235,63,94,125,148,53,93,47,234,77,240,84,166,271,80,148,58,36,19,154,35,18,23,73,43,64,224,59,313,77,75,65,66,53,18,51,213,65,59,44,54,33,85,35,85,73,67,194,68,50,11,67,235,63,208,91,62,39,99,101,168,42,121,81,207,52,15,174,80,52,64,63,57,38,127,85,60,56,62,65,65,48,27,68,22,15,22,15,36,55,177,87,26,17,87,17,22,16,3,18,22,27,21,9,9,12,75,15,38,21,38,45,73,63,16,61,164,68,163,142,57,45,75,84,574,51,55,154,140,125,26,41,253,53,77,52,67,35,43,66,131,56,58,38,60,58,17,66,67,13,16,11,30,36,63,46,232,145,82,66,105,64,65,52,56,48,63,48,62,37,54,38,53,31,124,58,45,32,24,39,130,37,93,50,39,35,32,45,108,45,46,48,83,27,14,50,49,30,147,45,61,46,187,66,55,65,59,56,60,66,11,67,23,13,18,12,33,58,73,69,263,93,191,63,90,68,21,54,234,146,72,90,142,58,96,63,71,49,42,63,49,58,15,66,81,65,78,76,67,69,94,115
384,139,218,241,154,72,14,115,206,87,131,107,177,92,130,174,149,75,113,145,90,52,7,77,12,12,9,11,75,70,95,101,229,77,130,119,97,56,6,107,145,86,65,50,68,64,94,90,178,87,89,173,89,66,5,99,109,79,81,101,135,126,100,174,151,71,101,96,109,58,13,74,132,81,96,79,107,65,110,129,71,61,94,86,75,35,9,70,6,5,11,5,67,68,88,75,12,7,5,5,10,7,1,7,8,6,13,8,6,1,14,10,107,59,63,73,102,63,5,114,108,68,79,97,97,96,84,120,217,65,115,97,90,47,8,71,113,45,68,68,87,39,55,89,84,54,70,70,53,39,2,58,4,7,7,4,61,47,76,84,136,61,80,52,75,37,10,61,76,37,39,27,46,23,44,43,87,31,44,63,63,36,2,69,61,47,57,75,65,49,46,87,230,80,97,139,129,49,9,81,104,53,51,62,156,63,75,143,115,64,111,110,95,63,9,93,7,1,8,11,99,99,93,137,116,71,79,94,96,52,5,93,100,54,62,71,105,82,88,104,174,91,74,128,146,95,15,146,82,52,70,106,170,131,80,234
90,54,59,53,51,34,16,39,46,44,64,35,40,27,27,31,51,67,72,39,39,36,13,30,8,13,8,12,17,43,49,42,56,51,64,34,59,48,10,51,59,39,58,40,20,39,26,29,33,33,18,25,40,33,7,19,32,26,37,28,28,24,22,44,73,37,48,23,78,36,13,46,81,66,59,48,26,39,42,34,54,45,69,31,58,28,18,31,13,19,13,15,21,37,55,39,7,5,13,10,11,14,7,17,6,12,11,10,7,11,17,7,21,26,24,21,51,53,4,65,47,58,56,47,32,51,45,29,53,29,54,21,60,20,8,34,52,40,53,20,15,15,36,29,34,27,55,34,50,35,13,38,8,12,14,9,26,43,51,33,55,30,50,18,49,37,13,39,48,39,36,28,19,27,38,20,20,25,13,15,38,28,3,40,39,22,32,29,17,29,16,27,40,20,28,28,40,28,4,32,26,18,20,11,28,18,18,24,42,34,58,38,52,36,16,53,6,5,4,6,28,50,53,43,39,36,38,33,31,37,13,46,40,48,46,25,27,32,41,33,42,20,20,27,43,43,7,50,28,21,34,29,32,39,29,42
3,3,5,8,3,4,0,1,1,7,7,11,5,4,3,5,1,3,14,10,5,10,5,7,1,3,3,5,0,7,5,3,5,3,4,5,15,12,7,2,17,13,18,7,0,4,11,3,3,4,2,12,10,6,0,2,9,8,4,4,8,7,2,20,3,0,3,2,8,18,2,10,10,13,35,1,13,10,10,17,4,10,18,5,23,49,26,14,4,25,18,8,3,17,17,5,2,2,4,3,4,31,2,3,3,11,20,5,1,9,14,1,4,1,0,0,18,14,3,2,11,10,10,5,2,10,3,2,3,3,15,6,11,5,9,4,6,8,12,5,2,1,8,7,2,5,19,17,4,41,14,14,3,9,15,10,1,7,9,7,16,12,10,3,7,22,21,15,17,32,63,9,2,11,4,4,2,0,1,1,12,7,6,5,12,5,11,6,2,1,6,2,10,2,3,1,6,0,1,0,0,8,1,1,1,3,4,8,1,20,8,18,5,12,10,7,3,3,3,2,1,6,5,2,4,12,13,7,17,8,7,4,4,8,20,0,1,6,6,3,7,2,7,3,7,7,2,5,4,13,7,1,7,3,14,10
